split,timestamp,actual,predicted,previous,target_index
validation,2024-10-28 00:00:00+00:00,246.0,212.0,212.0,1031
validation,2024-10-29 00:00:00+00:00,231.0,246.0,246.0,1032
validation,2024-10-30 00:00:00+00:00,235.0,231.0,231.0,1033
validation,2024-10-31 00:00:00+00:00,239.0,235.0,235.0,1034
validation,2024-11-01 00:00:00+00:00,230.0,239.0,239.0,1035
validation,2024-11-02 00:00:00+00:00,246.0,230.0,230.0,1036
validation,2024-11-03 00:00:00+00:00,254.0,246.0,246.0,1037
validation,2024-11-04 00:00:00+00:00,241.0,254.0,254.0,1038
validation,2024-11-05 00:00:00+00:00,260.0,241.0,241.0,1039
validation,2024-11-06 00:00:00+00:00,249.0,260.0,260.0,1040
validation,2024-11-07 00:00:00+00:00,262.0,249.0,249.0,1041
validation,2024-11-08 00:00:00+00:00,217.0,262.0,262.0,1042
validation,2024-11-09 00:00:00+00:00,280.0,217.0,217.0,1043
validation,2024-11-10 00:00:00+00:00,227.0,280.0,280.0,1044
validation,2024-11-11 00:00:00+00:00,1483.0,227.0,227.0,1045
validation,2024-11-12 00:00:00+00:00,291.0,1483.0,1483.0,1046
validation,2024-11-13 00:00:00+00:00,272.0,291.0,291.0,1047
validation,2024-11-14 00:00:00+00:00,289.0,272.0,272.0,1048
validation,2024-11-15 00:00:00+00:00,276.0,289.0,289.0,1049
validation,2024-11-16 00:00:00+00:00,295.0,276.0,276.0,1050
validation,2024-11-17 00:00:00+00:00,280.0,295.0,295.0,1051
validation,2024-11-18 00:00:00+00:00,311.0,280.0,280.0,1052
validation,2024-11-19 00:00:00+00:00,295.0,311.0,311.0,1053
validation,2024-11-20 00:00:00+00:00,299.0,295.0,295.0,1054
validation,2024-11-21 00:00:00+00:00,310.0,299.0,299.0,1055
validation,2024-11-22 00:00:00+00:00,311.0,310.0,310.0,1056
validation,2024-11-23 00:00:00+00:00,317.0,311.0,311.0,1057
validation,2024-11-24 00:00:00+00:00,302.0,317.0,317.0,1058
validation,2024-11-25 00:00:00+00:00,310.0,302.0,302.0,1059
validation,2024-11-26 00:00:00+00:00,276.0,310.0,310.0,1060
validation,2024-11-27 00:00:00+00:00,283.0,276.0,276.0,1061
validation,2024-11-28 00:00:00+00:00,331.0,283.0,283.0,1062
validation,2024-11-29 00:00:00+00:00,319.0,331.0,331.0,1063
validation,2024-11-30 00:00:00+00:00,306.0,319.0,319.0,1064
validation,2024-12-01 00:00:00+00:00,323.0,306.0,306.0,1065
validation,2024-12-02 00:00:00+00:00,282.0,323.0,323.0,1066
validation,2024-12-03 00:00:00+00:00,307.0,282.0,282.0,1067
validation,2024-12-04 00:00:00+00:00,320.0,307.0,307.0,1068
validation,2024-12-05 00:00:00+00:00,297.0,320.0,320.0,1069
validation,2024-12-06 00:00:00+00:00,343.0,297.0,297.0,1070
validation,2024-12-07 00:00:00+00:00,311.0,343.0,343.0,1071
validation,2024-12-08 00:00:00+00:00,354.0,311.0,311.0,1072
validation,2024-12-09 00:00:00+00:00,319.0,354.0,354.0,1073
validation,2024-12-10 00:00:00+00:00,322.0,319.0,319.0,1074
validation,2024-12-11 00:00:00+00:00,332.0,322.0,322.0,1075
validation,2024-12-12 00:00:00+00:00,1770.0,332.0,332.0,1076
validation,2024-12-13 00:00:00+00:00,389.0,1770.0,1770.0,1077
validation,2024-12-14 00:00:00+00:00,366.0,389.0,389.0,1078
validation,2024-12-15 00:00:00+00:00,400.0,366.0,366.0,1079
validation,2024-12-16 00:00:00+00:00,360.0,400.0,400.0,1080
validation,2024-12-17 00:00:00+00:00,392.0,360.0,360.0,1081
validation,2024-12-18 00:00:00+00:00,386.0,392.0,392.0,1082
validation,2024-12-19 00:00:00+00:00,398.0,386.0,386.0,1083
validation,2024-12-20 00:00:00+00:00,393.0,398.0,398.0,1084
validation,2024-12-21 00:00:00+00:00,428.0,393.0,393.0,1085
validation,2024-12-22 00:00:00+00:00,467.0,428.0,428.0,1086
validation,2024-12-23 00:00:00+00:00,427.0,467.0,467.0,1087
validation,2024-12-24 00:00:00+00:00,398.0,427.0,427.0,1088
validation,2024-12-25 00:00:00+00:00,412.0,398.0,398.0,1089
validation,2024-12-26 00:00:00+00:00,459.0,412.0,412.0,1090
validation,2024-12-27 00:00:00+00:00,456.0,459.0,459.0,1091
validation,2024-12-28 00:00:00+00:00,461.0,456.0,456.0,1092
validation,2024-12-29 00:00:00+00:00,500.0,461.0,461.0,1093
validation,2024-12-30 00:00:00+00:00,575.0,500.0,500.0,1094
validation,2024-12-31 00:00:00+00:00,624.0,575.0,575.0,1095
validation,2025-01-01 00:00:00+00:00,199.0,624.0,624.0,1096
validation,2025-01-02 00:00:00+00:00,199.0,199.0,199.0,1097
validation,2025-01-03 00:00:00+00:00,186.0,199.0,199.0,1098
validation,2025-01-04 00:00:00+00:00,228.0,186.0,186.0,1099
validation,2025-01-05 00:00:00+00:00,224.0,228.0,228.0,1100
validation,2025-01-06 00:00:00+00:00,220.0,224.0,224.0,1101
validation,2025-01-07 00:00:00+00:00,193.0,220.0,220.0,1102
validation,2025-01-08 00:00:00+00:00,205.0,193.0,193.0,1103
validation,2025-01-09 00:00:00+00:00,195.0,205.0,205.0,1104
validation,2025-01-10 00:00:00+00:00,214.0,195.0,195.0,1105
validation,2025-01-11 00:00:00+00:00,207.0,214.0,214.0,1106
validation,2025-01-12 00:00:00+00:00,188.0,207.0,207.0,1107
validation,2025-01-13 00:00:00+00:00,229.0,188.0,188.0,1108
validation,2025-01-14 00:00:00+00:00,215.0,229.0,229.0,1109
validation,2025-01-15 00:00:00+00:00,211.0,215.0,215.0,1110
validation,2025-01-16 00:00:00+00:00,210.0,211.0,211.0,1111
validation,2025-01-17 00:00:00+00:00,210.0,210.0,210.0,1112
validation,2025-01-18 00:00:00+00:00,205.0,210.0,210.0,1113
validation,2025-01-19 00:00:00+00:00,205.0,205.0,205.0,1114
validation,2025-01-20 00:00:00+00:00,191.0,205.0,205.0,1115
validation,2025-01-21 00:00:00+00:00,209.0,191.0,191.0,1116
validation,2025-01-22 00:00:00+00:00,230.0,209.0,209.0,1117
validation,2025-01-23 00:00:00+00:00,196.0,230.0,230.0,1118
validation,2025-01-24 00:00:00+00:00,222.0,196.0,196.0,1119
validation,2025-01-25 00:00:00+00:00,230.0,222.0,222.0,1120
validation,2025-01-26 00:00:00+00:00,208.0,230.0,230.0,1121
validation,2025-01-27 00:00:00+00:00,214.0,208.0,208.0,1122
validation,2025-01-28 00:00:00+00:00,201.0,214.0,214.0,1123
validation,2025-01-29 00:00:00+00:00,214.0,201.0,201.0,1124
validation,2025-01-30 00:00:00+00:00,213.0,214.0,214.0,1125
validation,2025-01-31 00:00:00+00:00,208.0,213.0,213.0,1126
validation,2025-02-01 00:00:00+00:00,230.0,208.0,208.0,1127
validation,2025-02-02 00:00:00+00:00,223.0,230.0,230.0,1128
validation,2025-02-03 00:00:00+00:00,238.0,223.0,223.0,1129
validation,2025-02-04 00:00:00+00:00,225.0,238.0,238.0,1130
validation,2025-02-05 00:00:00+00:00,222.0,225.0,225.0,1131
validation,2025-02-06 00:00:00+00:00,233.0,222.0,222.0,1132
validation,2025-02-07 00:00:00+00:00,226.0,233.0,233.0,1133
validation,2025-02-08 00:00:00+00:00,203.0,226.0,226.0,1134
validation,2025-02-09 00:00:00+00:00,201.0,203.0,203.0,1135
validation,2025-02-10 00:00:00+00:00,218.0,201.0,201.0,1136
validation,2025-02-11 00:00:00+00:00,206.0,218.0,218.0,1137
validation,2025-02-12 00:00:00+00:00,223.0,206.0,206.0,1138
validation,2025-02-13 00:00:00+00:00,249.0,223.0,223.0,1139
validation,2025-02-14 00:00:00+00:00,226.0,249.0,249.0,1140
validation,2025-02-15 00:00:00+00:00,202.0,226.0,226.0,1141
validation,2025-02-16 00:00:00+00:00,211.0,202.0,202.0,1142
validation,2025-02-17 00:00:00+00:00,221.0,211.0,211.0,1143
validation,2025-02-18 00:00:00+00:00,234.0,221.0,221.0,1144
validation,2025-02-19 00:00:00+00:00,259.0,234.0,234.0,1145
validation,2025-02-20 00:00:00+00:00,203.0,259.0,259.0,1146
validation,2025-02-21 00:00:00+00:00,222.0,203.0,203.0,1147
validation,2025-02-22 00:00:00+00:00,217.0,222.0,222.0,1148
validation,2025-02-23 00:00:00+00:00,250.0,217.0,217.0,1149
validation,2025-02-24 00:00:00+00:00,237.0,250.0,250.0,1150
validation,2025-02-25 00:00:00+00:00,214.0,237.0,237.0,1151
validation,2025-02-26 00:00:00+00:00,191.0,214.0,214.0,1152
validation,2025-02-27 00:00:00+00:00,210.0,191.0,191.0,1153
validation,2025-02-28 00:00:00+00:00,227.0,210.0,210.0,1154
validation,2025-03-01 00:00:00+00:00,227.0,227.0,227.0,1155
validation,2025-03-02 00:00:00+00:00,240.0,227.0,227.0,1156
validation,2025-03-03 00:00:00+00:00,206.0,240.0,240.0,1157
validation,2025-03-04 00:00:00+00:00,215.0,206.0,206.0,1158
validation,2025-03-05 00:00:00+00:00,224.0,215.0,215.0,1159
validation,2025-03-06 00:00:00+00:00,225.0,224.0,224.0,1160
validation,2025-03-07 00:00:00+00:00,247.0,225.0,225.0,1161
validation,2025-03-08 00:00:00+00:00,223.0,247.0,247.0,1162
validation,2025-03-09 00:00:00+00:00,242.0,223.0,223.0,1163
validation,2025-03-10 00:00:00+00:00,229.0,242.0,242.0,1164
validation,2025-03-11 00:00:00+00:00,234.0,229.0,229.0,1165
validation,2025-03-12 00:00:00+00:00,237.0,234.0,234.0,1166
validation,2025-03-13 00:00:00+00:00,218.0,237.0,237.0,1167
validation,2025-03-14 00:00:00+00:00,218.0,218.0,218.0,1168
validation,2025-03-15 00:00:00+00:00,247.0,218.0,218.0,1169
validation,2025-03-16 00:00:00+00:00,258.0,247.0,247.0,1170
validation,2025-03-17 00:00:00+00:00,218.0,258.0,258.0,1171
validation,2025-03-18 00:00:00+00:00,220.0,218.0,218.0,1172
validation,2025-03-19 00:00:00+00:00,238.0,220.0,220.0,1173
validation,2025-03-20 00:00:00+00:00,239.0,238.0,238.0,1174
validation,2025-03-21 00:00:00+00:00,228.0,239.0,239.0,1175
validation,2025-03-22 00:00:00+00:00,239.0,228.0,228.0,1176
validation,2025-03-23 00:00:00+00:00,245.0,239.0,239.0,1177
validation,2025-03-24 00:00:00+00:00,235.0,245.0,245.0,1178
validation,2025-03-25 00:00:00+00:00,231.0,235.0,235.0,1179
validation,2025-03-26 00:00:00+00:00,228.0,231.0,231.0,1180
validation,2025-03-27 00:00:00+00:00,238.0,228.0,228.0,1181
validation,2025-03-28 00:00:00+00:00,225.0,238.0,238.0,1182
validation,2025-03-29 00:00:00+00:00,251.0,225.0,225.0,1183
validation,2025-03-30 00:00:00+00:00,262.0,251.0,251.0,1184
validation,2025-03-31 00:00:00+00:00,256.0,262.0,262.0,1185
validation,2025-04-01 00:00:00+00:00,240.0,256.0,256.0,1186
validation,2025-04-02 00:00:00+00:00,222.0,240.0,240.0,1187
validation,2025-04-03 00:00:00+00:00,247.0,222.0,222.0,1188
validation,2025-04-04 00:00:00+00:00,1299.0,247.0,247.0,1189
validation,2025-04-05 00:00:00+00:00,281.0,1299.0,1299.0,1190
validation,2025-04-06 00:00:00+00:00,268.0,281.0,281.0,1191
validation,2025-04-07 00:00:00+00:00,273.0,268.0,268.0,1192
validation,2025-04-08 00:00:00+00:00,261.0,273.0,273.0,1193
validation,2025-04-09 00:00:00+00:00,272.0,261.0,261.0,1194
validation,2025-04-10 00:00:00+00:00,243.0,272.0,272.0,1195
validation,2025-04-11 00:00:00+00:00,266.0,243.0,243.0,1196
validation,2025-04-12 00:00:00+00:00,266.0,266.0,266.0,1197
validation,2025-04-13 00:00:00+00:00,546.0,266.0,266.0,1198
validation,2025-04-14 00:00:00+00:00,523.0,546.0,546.0,1199
validation,2025-04-15 00:00:00+00:00,534.0,523.0,523.0,1200
validation,2025-04-16 00:00:00+00:00,304.0,534.0,534.0,1201
validation,2025-04-17 00:00:00+00:00,258.0,304.0,304.0,1202
validation,2025-04-18 00:00:00+00:00,271.0,258.0,258.0,1203
validation,2025-04-19 00:00:00+00:00,272.0,271.0,271.0,1204
validation,2025-04-20 00:00:00+00:00,287.0,272.0,272.0,1205
validation,2025-04-21 00:00:00+00:00,273.0,287.0,287.0,1206
validation,2025-04-22 00:00:00+00:00,272.0,273.0,273.0,1207
validation,2025-04-23 00:00:00+00:00,290.0,272.0,272.0,1208
validation,2025-04-24 00:00:00+00:00,249.0,290.0,290.0,1209
validation,2025-04-25 00:00:00+00:00,267.0,249.0,249.0,1210
validation,2025-04-26 00:00:00+00:00,304.0,267.0,267.0,1211
validation,2025-04-27 00:00:00+00:00,304.0,304.0,304.0,1212
validation,2025-04-28 00:00:00+00:00,269.0,304.0,304.0,1213
validation,2025-04-29 00:00:00+00:00,258.0,269.0,269.0,1214
validation,2025-04-30 00:00:00+00:00,274.0,258.0,258.0,1215
validation,2025-05-01 00:00:00+00:00,253.0,274.0,274.0,1216
validation,2025-05-02 00:00:00+00:00,273.0,253.0,253.0,1217
validation,2025-05-03 00:00:00+00:00,283.0,273.0,273.0,1218
validation,2025-05-04 00:00:00+00:00,290.0,283.0,283.0,1219
validation,2025-05-05 00:00:00+00:00,280.0,290.0,290.0,1220
validation,2025-05-06 00:00:00+00:00,280.0,280.0,280.0,1221
validation,2025-05-07 00:00:00+00:00,293.0,280.0,280.0,1222
validation,2025-05-08 00:00:00+00:00,306.0,293.0,293.0,1223
validation,2025-05-09 00:00:00+00:00,325.0,306.0,306.0,1224
validation,2025-05-10 00:00:00+00:00,291.0,325.0,325.0,1225
validation,2025-05-11 00:00:00+00:00,276.0,291.0,291.0,1226
validation,2025-05-12 00:00:00+00:00,284.0,276.0,276.0,1227
validation,2025-05-13 00:00:00+00:00,312.0,284.0,284.0,1228
validation,2025-05-14 00:00:00+00:00,307.0,312.0,312.0,1229
validation,2025-05-15 00:00:00+00:00,281.0,307.0,307.0,1230
validation,2025-05-16 00:00:00+00:00,297.0,281.0,281.0,1231
validation,2025-05-17 00:00:00+00:00,271.0,297.0,297.0,1232
validation,2025-05-18 00:00:00+00:00,279.0,271.0,271.0,1233
validation,2025-05-19 00:00:00+00:00,307.0,279.0,279.0,1234
validation,2025-05-20 00:00:00+00:00,282.0,307.0,307.0,1235
validation,2025-05-21 00:00:00+00:00,305.0,282.0,282.0,1236
validation,2025-05-22 00:00:00+00:00,281.0,305.0,305.0,1237
validation,2025-05-23 00:00:00+00:00,336.0,281.0,281.0,1238
validation,2025-05-24 00:00:00+00:00,297.0,336.0,336.0,1239
validation,2025-05-25 00:00:00+00:00,313.0,297.0,297.0,1240
validation,2025-05-26 00:00:00+00:00,280.0,313.0,313.0,1241
validation,2025-05-27 00:00:00+00:00,306.0,280.0,280.0,1242
validation,2025-05-28 00:00:00+00:00,298.0,306.0,306.0,1243
validation,2025-05-29 00:00:00+00:00,300.0,298.0,298.0,1244
test,2025-05-30 00:00:00+00:00,301.0,300.0,300.0,1245
test,2025-05-31 00:00:00+00:00,306.0,301.0,301.0,1246
test,2025-06-01 00:00:00+00:00,379.0,306.0,306.0,1247
test,2025-06-02 00:00:00+00:00,373.0,379.0,379.0,1248
test,2025-06-03 00:00:00+00:00,393.0,373.0,373.0,1249
test,2025-06-04 00:00:00+00:00,346.0,393.0,393.0,1250
test,2025-06-05 00:00:00+00:00,345.0,346.0,346.0,1251
test,2025-06-06 00:00:00+00:00,341.0,345.0,345.0,1252
test,2025-06-07 00:00:00+00:00,334.0,341.0,341.0,1253
test,2025-06-08 00:00:00+00:00,381.0,334.0,334.0,1254
test,2025-06-09 00:00:00+00:00,353.0,381.0,381.0,1255
test,2025-06-10 00:00:00+00:00,382.0,353.0,353.0,1256
test,2025-06-11 00:00:00+00:00,375.0,382.0,382.0,1257
test,2025-06-12 00:00:00+00:00,354.0,375.0,375.0,1258
test,2025-06-13 00:00:00+00:00,394.0,354.0,354.0,1259
test,2025-06-14 00:00:00+00:00,379.0,394.0,394.0,1260
test,2025-06-15 00:00:00+00:00,364.0,379.0,379.0,1261
test,2025-06-16 00:00:00+00:00,375.0,364.0,364.0,1262
test,2025-06-17 00:00:00+00:00,389.0,375.0,375.0,1263
test,2025-06-18 00:00:00+00:00,408.0,389.0,389.0,1264
test,2025-06-19 00:00:00+00:00,370.0,408.0,408.0,1265
test,2025-06-20 00:00:00+00:00,407.0,370.0,370.0,1266
test,2025-06-21 00:00:00+00:00,386.0,407.0,407.0,1267
test,2025-06-22 00:00:00+00:00,362.0,386.0,386.0,1268
test,2025-06-23 00:00:00+00:00,351.0,362.0,362.0,1269
test,2025-06-24 00:00:00+00:00,401.0,351.0,351.0,1270
test,2025-06-25 00:00:00+00:00,418.0,401.0,401.0,1271
test,2025-06-26 00:00:00+00:00,394.0,418.0,418.0,1272
test,2025-06-27 00:00:00+00:00,401.0,394.0,394.0,1273
test,2025-06-28 00:00:00+00:00,338.0,401.0,401.0,1274
test,2025-06-29 00:00:00+00:00,363.0,338.0,338.0,1275
test,2025-06-30 00:00:00+00:00,377.0,363.0,363.0,1276
test,2025-07-01 00:00:00+00:00,355.0,377.0,377.0,1277
test,2025-07-02 00:00:00+00:00,337.0,355.0,355.0,1278
test,2025-07-03 00:00:00+00:00,325.0,337.0,337.0,1279
test,2025-07-04 00:00:00+00:00,345.0,325.0,325.0,1280
test,2025-07-05 00:00:00+00:00,337.0,345.0,345.0,1281
test,2025-07-06 00:00:00+00:00,362.0,337.0,337.0,1282
test,2025-07-07 00:00:00+00:00,305.0,362.0,362.0,1283
test,2025-07-08 00:00:00+00:00,357.0,305.0,305.0,1284
test,2025-07-09 00:00:00+00:00,344.0,357.0,357.0,1285
test,2025-07-10 00:00:00+00:00,338.0,344.0,344.0,1286
test,2025-07-11 00:00:00+00:00,324.0,338.0,338.0,1287
test,2025-07-12 00:00:00+00:00,349.0,324.0,324.0,1288
test,2025-07-13 00:00:00+00:00,384.0,349.0,349.0,1289
test,2025-07-14 00:00:00+00:00,361.0,384.0,384.0,1290
test,2025-07-15 00:00:00+00:00,385.0,361.0,361.0,1291
test,2025-07-16 00:00:00+00:00,362.0,385.0,385.0,1292
test,2025-07-17 00:00:00+00:00,374.0,362.0,362.0,1293
test,2025-07-18 00:00:00+00:00,396.0,374.0,374.0,1294
test,2025-07-19 00:00:00+00:00,336.0,396.0,396.0,1295
test,2025-07-20 00:00:00+00:00,354.0,336.0,336.0,1296
test,2025-07-21 00:00:00+00:00,342.0,354.0,354.0,1297
test,2025-07-22 00:00:00+00:00,359.0,342.0,342.0,1298
test,2025-07-23 00:00:00+00:00,349.0,359.0,359.0,1299
test,2025-07-24 00:00:00+00:00,389.0,349.0,349.0,1300
test,2025-07-25 00:00:00+00:00,370.0,389.0,389.0,1301
test,2025-07-26 00:00:00+00:00,350.0,370.0,370.0,1302
test,2025-07-27 00:00:00+00:00,370.0,350.0,350.0,1303
test,2025-07-28 00:00:00+00:00,366.0,370.0,370.0,1304
test,2025-07-29 00:00:00+00:00,383.0,366.0,366.0,1305
test,2025-07-30 00:00:00+00:00,346.0,383.0,383.0,1306
test,2025-07-31 00:00:00+00:00,394.0,346.0,346.0,1307
test,2025-08-01 00:00:00+00:00,421.0,394.0,394.0,1308
test,2025-08-02 00:00:00+00:00,431.0,421.0,421.0,1309
test,2025-08-03 00:00:00+00:00,417.0,431.0,431.0,1310
test,2025-08-04 00:00:00+00:00,399.0,417.0,417.0,1311
test,2025-08-05 00:00:00+00:00,508.0,399.0,399.0,1312
test,2025-08-06 00:00:00+00:00,464.0,508.0,508.0,1313
test,2025-08-07 00:00:00+00:00,426.0,464.0,464.0,1314
test,2025-08-08 00:00:00+00:00,415.0,426.0,426.0,1315
test,2025-08-09 00:00:00+00:00,429.0,415.0,415.0,1316
test,2025-08-10 00:00:00+00:00,447.0,429.0,429.0,1317
test,2025-08-11 00:00:00+00:00,475.0,447.0,447.0,1318
test,2025-08-12 00:00:00+00:00,416.0,475.0,475.0,1319
test,2025-08-13 00:00:00+00:00,384.0,416.0,416.0,1320
test,2025-08-14 00:00:00+00:00,451.0,384.0,384.0,1321
test,2025-08-15 00:00:00+00:00,426.0,451.0,451.0,1322
test,2025-08-16 00:00:00+00:00,524.0,426.0,426.0,1323
test,2025-08-17 00:00:00+00:00,440.0,524.0,524.0,1324
test,2025-08-18 00:00:00+00:00,470.0,440.0,440.0,1325
test,2025-08-19 00:00:00+00:00,457.0,470.0,470.0,1326
test,2025-08-20 00:00:00+00:00,470.0,457.0,457.0,1327
test,2025-08-21 00:00:00+00:00,418.0,470.0,470.0,1328
test,2025-08-22 00:00:00+00:00,456.0,418.0,418.0,1329
test,2025-08-23 00:00:00+00:00,471.0,456.0,456.0,1330
test,2025-08-24 00:00:00+00:00,451.0,471.0,471.0,1331
test,2025-08-25 00:00:00+00:00,453.0,451.0,451.0,1332
test,2025-08-26 00:00:00+00:00,425.0,453.0,453.0,1333
test,2025-08-27 00:00:00+00:00,489.0,425.0,425.0,1334
test,2025-08-28 00:00:00+00:00,456.0,489.0,489.0,1335
test,2025-08-29 00:00:00+00:00,473.0,456.0,456.0,1336
test,2025-08-30 00:00:00+00:00,459.0,473.0,473.0,1337
test,2025-08-31 00:00:00+00:00,464.0,459.0,459.0,1338
test,2025-09-01 00:00:00+00:00,503.0,464.0,464.0,1339
test,2025-09-02 00:00:00+00:00,479.0,503.0,503.0,1340
test,2025-09-03 00:00:00+00:00,499.0,479.0,479.0,1341
test,2025-09-04 00:00:00+00:00,494.0,499.0,499.0,1342
test,2025-09-05 00:00:00+00:00,533.0,494.0,494.0,1343
test,2025-09-06 00:00:00+00:00,468.0,533.0,533.0,1344
test,2025-09-07 00:00:00+00:00,509.0,468.0,468.0,1345
test,2025-09-08 00:00:00+00:00,450.0,509.0,509.0,1346
test,2025-09-09 00:00:00+00:00,2788.0,450.0,450.0,1347
test,2025-09-10 00:00:00+00:00,592.0,2788.0,2788.0,1348
test,2025-09-11 00:00:00+00:00,571.0,592.0,592.0,1349
test,2025-09-12 00:00:00+00:00,523.0,571.0,571.0,1350
test,2025-09-13 00:00:00+00:00,576.0,523.0,523.0,1351
test,2025-09-14 00:00:00+00:00,537.0,576.0,576.0,1352
test,2025-09-15 00:00:00+00:00,578.0,537.0,537.0,1353
test,2025-09-16 00:00:00+00:00,580.0,578.0,578.0,1354
test,2025-09-17 00:00:00+00:00,555.0,580.0,580.0,1355
test,2025-09-18 00:00:00+00:00,600.0,555.0,555.0,1356
test,2025-09-19 00:00:00+00:00,607.0,600.0,600.0,1357
test,2025-09-20 00:00:00+00:00,613.0,607.0,607.0,1358
test,2025-09-21 00:00:00+00:00,573.0,613.0,613.0,1359
test,2025-09-22 00:00:00+00:00,584.0,573.0,573.0,1360
test,2025-09-23 00:00:00+00:00,605.0,584.0,584.0,1361
test,2025-09-24 00:00:00+00:00,566.0,605.0,605.0,1362
test,2025-09-25 00:00:00+00:00,615.0,566.0,566.0,1363
test,2025-09-26 00:00:00+00:00,587.0,615.0,615.0,1364
test,2025-09-27 00:00:00+00:00,599.0,587.0,587.0,1365
test,2025-09-28 00:00:00+00:00,595.0,599.0,599.0,1366
test,2025-09-29 00:00:00+00:00,591.0,595.0,595.0,1367
test,2025-09-30 00:00:00+00:00,600.0,591.0,591.0,1368
test,2025-10-01 00:00:00+00:00,479.0,600.0,600.0,1369
test,2025-10-02 00:00:00+00:00,532.0,479.0,479.0,1370
test,2025-10-03 00:00:00+00:00,488.0,532.0,532.0,1371
test,2025-10-04 00:00:00+00:00,510.0,488.0,488.0,1372
test,2025-10-05 00:00:00+00:00,533.0,510.0,510.0,1373
test,2025-10-06 00:00:00+00:00,522.0,533.0,533.0,1374
test,2025-10-07 00:00:00+00:00,553.0,522.0,522.0,1375
test,2025-10-08 00:00:00+00:00,532.0,553.0,553.0,1376
test,2025-10-09 00:00:00+00:00,574.0,532.0,532.0,1377
test,2025-10-10 00:00:00+00:00,2821.0,574.0,574.0,1378
test,2025-10-11 00:00:00+00:00,586.0,2821.0,2821.0,1379
test,2025-10-12 00:00:00+00:00,596.0,586.0,586.0,1380
test,2025-10-13 00:00:00+00:00,624.0,596.0,596.0,1381
test,2025-10-14 00:00:00+00:00,554.0,624.0,624.0,1382
test,2025-10-15 00:00:00+00:00,576.0,554.0,554.0,1383
test,2025-10-16 00:00:00+00:00,580.0,576.0,576.0,1384
test,2025-10-17 00:00:00+00:00,593.0,580.0,580.0,1385
test,2025-10-18 00:00:00+00:00,654.0,593.0,593.0,1386
test,2025-10-19 00:00:00+00:00,633.0,654.0,654.0,1387
test,2025-10-20 00:00:00+00:00,606.0,633.0,633.0,1388
test,2025-10-21 00:00:00+00:00,648.0,606.0,606.0,1389
test,2025-10-22 00:00:00+00:00,619.0,648.0,648.0,1390
test,2025-10-23 00:00:00+00:00,578.0,619.0,619.0,1391
test,2025-10-24 00:00:00+00:00,597.0,578.0,578.0,1392
test,2025-10-25 00:00:00+00:00,628.0,597.0,597.0,1393
test,2025-10-26 00:00:00+00:00,643.0,628.0,628.0,1394
test,2025-10-27 00:00:00+00:00,621.0,643.0,643.0,1395
test,2025-10-28 00:00:00+00:00,651.0,621.0,621.0,1396
test,2025-10-29 00:00:00+00:00,614.0,651.0,651.0,1397
test,2025-10-30 00:00:00+00:00,661.0,614.0,614.0,1398
test,2025-10-31 00:00:00+00:00,612.0,661.0,661.0,1399
test,2025-11-01 00:00:00+00:00,670.0,612.0,612.0,1400
test,2025-11-02 00:00:00+00:00,692.0,670.0,670.0,1401
test,2025-11-03 00:00:00+00:00,623.0,692.0,692.0,1402
test,2025-11-04 00:00:00+00:00,670.0,623.0,623.0,1403
test,2025-11-05 00:00:00+00:00,663.0,670.0,670.0,1404
test,2025-11-06 00:00:00+00:00,681.0,663.0,663.0,1405
test,2025-11-07 00:00:00+00:00,621.0,681.0,681.0,1406
test,2025-11-08 00:00:00+00:00,659.0,621.0,621.0,1407
test,2025-11-09 00:00:00+00:00,670.0,659.0,659.0,1408
test,2025-11-10 00:00:00+00:00,686.0,670.0,670.0,1409
test,2025-11-11 00:00:00+00:00,3627.0,686.0,686.0,1410
test,2025-11-12 00:00:00+00:00,730.0,3627.0,3627.0,1411
test,2025-11-13 00:00:00+00:00,753.0,730.0,730.0,1412
test,2025-11-14 00:00:00+00:00,722.0,753.0,753.0,1413
test,2025-11-15 00:00:00+00:00,743.0,722.0,722.0,1414
test,2025-11-16 00:00:00+00:00,704.0,743.0,743.0,1415
test,2025-11-17 00:00:00+00:00,765.0,704.0,704.0,1416
test,2025-11-18 00:00:00+00:00,715.0,765.0,765.0,1417
test,2025-11-19 00:00:00+00:00,787.0,715.0,715.0,1418
test,2025-11-20 00:00:00+00:00,756.0,787.0,787.0,1419
test,2025-11-21 00:00:00+00:00,770.0,756.0,756.0,1420
test,2025-11-22 00:00:00+00:00,810.0,770.0,770.0,1421
test,2025-11-23 00:00:00+00:00,722.0,810.0,810.0,1422
test,2025-11-24 00:00:00+00:00,790.0,722.0,722.0,1423
test,2025-11-25 00:00:00+00:00,789.0,790.0,790.0,1424
test,2025-11-26 00:00:00+00:00,831.0,789.0,789.0,1425
test,2025-11-27 00:00:00+00:00,807.0,831.0,831.0,1426
test,2025-11-28 00:00:00+00:00,748.0,807.0,807.0,1427
test,2025-11-29 00:00:00+00:00,822.0,748.0,748.0,1428
test,2025-11-30 00:00:00+00:00,835.0,822.0,822.0,1429
test,2025-12-01 00:00:00+00:00,763.0,835.0,835.0,1430
test,2025-12-02 00:00:00+00:00,779.0,763.0,763.0,1431
test,2025-12-03 00:00:00+00:00,804.0,779.0,779.0,1432
test,2025-12-04 00:00:00+00:00,808.0,804.0,804.0,1433
test,2025-12-05 00:00:00+00:00,830.0,808.0,808.0,1434
test,2025-12-06 00:00:00+00:00,871.0,830.0,830.0,1435
test,2025-12-07 00:00:00+00:00,790.0,871.0,871.0,1436
test,2025-12-08 00:00:00+00:00,834.0,790.0,790.0,1437
test,2025-12-09 00:00:00+00:00,937.0,834.0,834.0,1438
test,2025-12-10 00:00:00+00:00,895.0,937.0,937.0,1439
test,2025-12-11 00:00:00+00:00,829.0,895.0,895.0,1440
test,2025-12-12 00:00:00+00:00,5428.0,829.0,829.0,1441
test,2025-12-13 00:00:00+00:00,1108.0,5428.0,5428.0,1442
test,2025-12-14 00:00:00+00:00,1142.0,1108.0,1108.0,1443
test,2025-12-15 00:00:00+00:00,1056.0,1142.0,1142.0,1444
test,2025-12-16 00:00:00+00:00,1083.0,1056.0,1056.0,1445
test,2025-12-17 00:00:00+00:00,1150.0,1083.0,1083.0,1446
test,2025-12-18 00:00:00+00:00,1149.0,1150.0,1150.0,1447
test,2025-12-19 00:00:00+00:00,1247.0,1149.0,1149.0,1448
test,2025-12-20 00:00:00+00:00,1189.0,1247.0,1247.0,1449
test,2025-12-21 00:00:00+00:00,1185.0,1189.0,1189.0,1450
test,2025-12-22 00:00:00+00:00,1228.0,1185.0,1185.0,1451
test,2025-12-23 00:00:00+00:00,1224.0,1228.0,1228.0,1452
test,2025-12-24 00:00:00+00:00,1258.0,1224.0,1224.0,1453
test,2025-12-25 00:00:00+00:00,1284.0,1258.0,1258.0,1454
test,2025-12-26 00:00:00+00:00,1308.0,1284.0,1284.0,1455
test,2025-12-27 00:00:00+00:00,1335.0,1308.0,1308.0,1456
test,2025-12-28 00:00:00+00:00,1390.0,1335.0,1335.0,1457
test,2025-12-29 00:00:00+00:00,1459.0,1390.0,1390.0,1458
test,2025-12-30 00:00:00+00:00,1551.0,1459.0,1459.0,1459
test,2025-12-31 00:00:00+00:00,1696.0,1551.0,1551.0,1460
