epoch,train_loss,validation_loss
1,1.0109644713401795,1.9577412605285645
2,1.0051221302032471,1.9405099153518677
3,1.0021192406654358,1.9531804323196411
4,1.0056885801315307,1.972640037536621
5,1.0048007309913636,1.9266058206558228
6,1.0026493046760558,2.0143883228302
7,1.0004108352661132,1.9482591152191162
8,0.9999642810821533,1.9259933233261108
9,1.0009521799087524,1.9689162969589233
10,1.000655398273468,1.9253751039505005
11,1.0012944198608398,1.9684189558029175
12,1.0000765062332153,1.9655630588531494
13,0.9998118292808533,1.922438621520996
14,1.0004529464721679,1.9719574451446533
15,0.999822057723999,1.9432066679000854
16,1.0007703845977782,1.9455488920211792
17,1.0003038082122804,1.976121425628662
18,1.0018088402748109,1.970626711845398
19,1.0000541757583619,1.9351760149002075
20,0.9999138803482056,1.9521644115447998
21,0.9993979462623597,1.9201587438583374
22,0.9998729688644409,1.919520616531372
23,0.9985047924041748,1.9498991966247559
24,0.9984904125213623,1.9573283195495605
25,0.9979686340332031,1.9339182376861572
26,0.997051373386383,1.9066790342330933
27,0.9943069564819336,1.7137517929077148
28,1.0108512600898742,1.968818187713623
29,1.0027820388793944,1.8295433521270752
30,1.0036839731216431,1.9231163263320923
31,1.0009869535446168,2.0113606452941895
32,1.002603614139557,1.9928926229476929
33,1.0016732417106629,1.9582270383834839
34,1.0031687419891357,2.0300190448760986
35,1.0021980592727662,1.9893501996994019
